,Model-FileName,TestedPair,ModelAccuracy,TrueWin,XLoss,MissedDeal,GoodZero,WINDOW,MAX_FORCAST_SIZE,TAKE_PROFIT,WinRatio,BuyMean
0,/UltimeTradingBot/Data/AFTER_DEPTH_CLOSE/tp42_w7_max16min_Model_VeryDeep.h5,GMT/USDT,66.992,7.048,17.655,15.352,59.944,7,16,0.4,28.531,22.401
1,/UltimeTradingBot/Data/AFTER_DEPTH_CLOSE/tp42_w7_max16min_Model_JUSTGood_v2.h5,GMT/USDT,75.994,1.954,3.559,20.447,74.04,7,16,0.4,35.443,22.401
2,/UltimeTradingBot/Data/AFTER_DEPTH_CLOSE/tp130_w7_max16min_Model_true_win_model_Re7.h5,GMT/USDT,77.809,0.209,0.0,22.191,77.599,7,16,0.4,100.0,22.401
3,/UltimeTradingBot/Data/AFTER_DEPTH_CLOSE/tp130_w7_max16min_Model_true_win_model_Re8.h5,GMT/USDT,77.599,0.0,0.0,22.401,77.599,7,16,0.4,,22.401
4,/UltimeTradingBot/Data/AFTER_DEPTH_CLOSE/tp42_w7_max16min_Model_v5.h5,GMT/USDT,75.855,3.629,5.373,18.772,72.226,7,16,0.4,40.313,22.401
5,/UltimeTradingBot/Data/AFTER_DEPTH_CLOSE/tp130_w7_max16min_Model_VeryDeep.h5,GMT/USDT,70.691,3.419,10.328,18.981,67.271,7,16,0.4,24.871,22.401
6,/UltimeTradingBot/Data/AFTER_DEPTH_CLOSE/tp42_w7_max16min_Model_true_win_model_Re2.h5,GMT/USDT,69.365,5.024,13.259,17.376,64.341,7,16,0.4,27.479,22.401
7,/UltimeTradingBot/Data/AFTER_DEPTH_CLOSE/tp130_w7_max16min_Model_vInit.h5,GMT/USDT,74.04,2.861,6.42,19.539,71.179,7,16,0.4,30.826,22.401
8,/UltimeTradingBot/Data/AFTER_DEPTH_CLOSE/tp42_w7_max16min_Model_true_win_model_Re3.h5,GMT/USDT,69.295,4.606,12.91,17.795,64.689,7,16,0.4,26.296,22.401
9,/UltimeTradingBot/Data/AFTER_DEPTH_CLOSE/tp130_w7_max16min_Model_v5.h5,GMT/USDT,77.599,0.0,0.0,22.401,77.599,7,16,0.4,,22.401
10,/UltimeTradingBot/Data/AFTER_DEPTH_CLOSE/tp42_w7_max16min_Anti-Model_v2.h5,GMT/USDT,76.902,1.047,1.745,21.354,75.855,7,16,0.4,37.5,22.401
11,/UltimeTradingBot/Data/AFTER_DEPTH_CLOSE/tp130_w7_max16min_Model_true_win_model_Re4.h5,GMT/USDT,77.948,1.326,0.977,21.075,76.622,7,16,0.4,57.577,22.401
12,/UltimeTradingBot/Data/AFTER_DEPTH_CLOSE/tp42_w7_max16min_Model_vInit.h5,GMT/USDT,66.364,4.885,16.12,17.516,61.479,7,16,0.4,23.256,22.401
13,/UltimeTradingBot/Data/AFTER_DEPTH_CLOSE/tp42_w7_max16min_Model_true_win_model_Re1.h5,GMT/USDT,68.179,5.722,15.143,16.678,62.456,7,16,0.4,27.424,22.401
14,/UltimeTradingBot/Data/AFTER_DEPTH_CLOSE/tp130_w7_max16min_Anti-Model_v2.h5,GMT/USDT,77.599,0.0,0.0,22.401,77.599,7,16,0.4,,22.401
15,/UltimeTradingBot/Data/AFTER_DEPTH_CLOSE/tp130_w7_max16min_Model_true_win_model_Re5.h5,GMT/USDT,77.879,0.488,0.209,21.912,77.39,7,16,0.4,70.014,22.401
16,/UltimeTradingBot/Data/AFTER_DEPTH_CLOSE/tp130_w7_max16min_Model_true_win_model_Re6.h5,GMT/USDT,77.948,0.419,0.07,21.982,77.53,7,16,0.4,85.685,22.401
17,/UltimeTradingBot/Data/BUY_FIX/tp80_w7_max3min_Model_v5.h5,GMT/USDT,77.599,0.0,0.0,22.401,77.599,7,16,0.4,,22.401
18,/UltimeTradingBot/Data/BUY_FIX/tp77_w7_max7min_Anti-Model_v2.h5,GMT/USDT,42.847,13.747,48.5,8.653,29.1,7,16,0.4,22.085,22.401
19,/UltimeTradingBot/Data/BUY_FIX/tp77_w7_max7min_Model_vInit.h5,GMT/USDT,76.343,1.396,2.652,21.005,74.948,7,16,0.4,34.486,22.401
20,/UltimeTradingBot/Data/BUY_FIX/tp43_w7_max3min_Model_true_win_model_Re3.h5,GMT/USDT,77.599,0.0,0.0,22.401,77.599,7,16,0.4,,22.401
21,/UltimeTradingBot/Data/BUY_FIX/tp77_w7_max7min_Model_true_win_model_Re6.h5,GMT/USDT,77.53,0.0,0.07,22.401,77.53,7,16,0.4,0.0,22.401
22,/UltimeTradingBot/Data/BUY_FIX/tp80_w7_max3min_Model_BadVeryDeep_v2.h5,GMT/USDT,77.599,0.0,0.0,22.401,77.599,7,16,0.4,,22.401
23,/UltimeTradingBot/Data/BUY_FIX/tp80_w7_max3min_Model_true_win_model_Re4.h5,GMT/USDT,77.599,0.0,0.0,22.401,77.599,7,16,0.4,,22.401
24,/UltimeTradingBot/Data/BUY_FIX/tp80_w7_max3min_Model_true_win_model_Re3.h5,GMT/USDT,77.599,0.0,0.0,22.401,77.599,7,16,0.4,,22.401
25,/UltimeTradingBot/Data/BUY_FIX/tp80_w7_max3min_Anti-Model_v2.h5,GMT/USDT,76.204,0.349,1.745,22.052,75.855,7,16,0.4,16.667,22.401
26,/UltimeTradingBot/Data/BUY_FIX/tp77_w7_max7min_Model_v5.h5,GMT/USDT,77.599,0.0,0.0,22.401,77.599,7,16,0.4,,22.401
27,/UltimeTradingBot/Data/BUY_FIX/tp120_w7_max20min_Model_vInit.h5,GMT/USDT,74.04,0.907,4.466,21.493,73.133,7,16,0.4,16.881,22.401
28,/UltimeTradingBot/Data/BUY_FIX/tp77_w7_max7min_Model_BadVeryDeep_v2.h5,GMT/USDT,77.53,0.0,0.07,22.401,77.53,7,16,0.4,0.0,22.401
29,/UltimeTradingBot/Data/BUY_FIX/tp77_w7_max7min_Model_VeryDeep.h5,GMT/USDT,77.181,0.279,0.698,22.121,76.902,7,16,0.4,28.557,22.401
30,/UltimeTradingBot/Data/BUY_FIX/tp80_w7_max3min_Model_true_win_model_Re6.h5,GMT/USDT,77.599,0.0,0.0,22.401,77.599,7,16,0.4,,22.401
31,/UltimeTradingBot/Data/BUY_FIX/tp77_w7_max7min_Model_GoodVeryDeep_v2.h5,GMT/USDT,77.53,0.0,0.07,22.401,77.53,7,16,0.4,0.0,22.401
32,/UltimeTradingBot/Data/BUY_FIX/tp80_w7_max3min_Model_true_win_model_Re5.h5,GMT/USDT,77.599,0.0,0.0,22.401,77.599,7,16,0.4,,22.401
33,/UltimeTradingBot/Data/BUY_FIX/tp43_w7_max3min_Model_vInit.h5,GMT/USDT,76.064,0.349,1.884,22.052,75.715,7,16,0.4,15.629,22.401
34,/UltimeTradingBot/Data/BUY_FIX/tp120_w7_max20min_Model_VeryDeep.h5,GMT/USDT,77.599,0.0,0.0,22.401,77.599,7,16,0.4,,22.401
35,/UltimeTradingBot/Data/BUY_FIX/tp43_w7_max3min_Model_GoodVeryDeep_v2.h5,GMT/USDT,77.599,0.0,0.0,22.401,77.599,7,16,0.4,,22.401
36,/UltimeTradingBot/Data/BUY_FIX/tp80_w7_max3min_Model_true_win_model_Re2.h5,GMT/USDT,77.599,0.0,0.0,22.401,77.599,7,16,0.4,,22.401
37,/UltimeTradingBot/Data/BUY_FIX/tp80_w7_max3min_Model_GoodVeryDeep_v2.h5,GMT/USDT,77.599,0.0,0.0,22.401,77.599,7,16,0.4,,22.401
38,/UltimeTradingBot/Data/BUY_FIX/tp43_w7_max3min_Model_true_win_model_Re1.h5,GMT/USDT,77.53,0.0,0.07,22.401,77.53,7,16,0.4,0.0,22.401
39,/UltimeTradingBot/Data/BUY_FIX/tp43_w7_max3min_Model_VeryDeep.h5,GMT/USDT,76.902,0.209,0.907,22.191,76.692,7,16,0.4,18.728,22.401
40,/UltimeTradingBot/Data/BUY_FIX/tp43_w7_max3min_Anti-Model_v2.h5,GMT/USDT,77.669,0.07,0.0,22.331,77.599,7,16,0.4,100.0,22.401
41,/UltimeTradingBot/Data/BUY_FIX/tp43_w7_max3min_Model_true_win_model_Re2.h5,GMT/USDT,77.53,0.0,0.07,22.401,77.53,7,16,0.4,0.0,22.401
42,/UltimeTradingBot/Data/BUY_FIX/tp43_w7_max3min_Model_v5.h5,GMT/USDT,77.599,0.0,0.0,22.401,77.599,7,16,0.4,,22.401
43,/UltimeTradingBot/Data/BUY_FIX/tp43_w7_max3min_Model_BadVeryDeep_v2.h5,GMT/USDT,77.599,0.0,0.0,22.401,77.599,7,16,0.4,,22.401
44,/UltimeTradingBot/Data/BUY_FIX/tp80_w7_max3min_Model_true_win_model_Re1.h5,GMT/USDT,77.53,0.0,0.07,22.401,77.53,7,16,0.4,0.0,22.401
45,/UltimeTradingBot/Data/BUY_FIX/tp120_w7_max20min_Model_v5.h5,GMT/USDT,77.599,0.0,0.0,22.401,77.599,7,16,0.4,,22.401
46,/UltimeTradingBot/Data/BUY_FIX/tp43_w7_max3min_Model_true_win_model_Re4.h5,GMT/USDT,77.599,0.0,0.0,22.401,77.599,7,16,0.4,,22.401
47,/UltimeTradingBot/Data/BUY_FIX/tp80_w7_max3min_Model_vInit.h5,GMT/USDT,77.948,0.907,0.558,21.493,77.041,7,16,0.4,61.911,22.401
48,/UltimeTradingBot/Data/BUY_FIX/tp80_w7_max3min_Model_VeryDeep.h5,GMT/USDT,77.53,0.0,0.07,22.401,77.53,7,16,0.4,0.0,22.401
49,/UltimeTradingBot/Data/BUY_FIX/tp77_w7_max7min_Model_true_win_model_Re5.h5,GMT/USDT,77.53,0.0,0.07,22.401,77.53,7,16,0.4,0.0,22.401
50,/UltimeTradingBot/Data/BUY_FIX/tp120_w7_max20min_Anti-Model_v2.h5,GMT/USDT,53.733,7.188,31.054,15.213,46.546,7,16,0.4,18.796,22.401
51,/UltimeTradingBot/Data/BUY_TEST/tp30_w7_max2min_Model_true_win_model_Re8.h5,GMT/USDT,77.599,0.0,0.0,22.401,77.599,7,16,0.4,,22.401
52,/UltimeTradingBot/Data/BUY_TEST/tp150_w7_max2min_Model_true_win_model_Re9.h5,GMT/USDT,77.599,0.0,0.0,22.401,77.599,7,16,0.4,,22.401
53,/UltimeTradingBot/Data/BUY_TEST/tp70_w7_max2min_Model_v5.h5,GMT/USDT,77.599,0.0,0.0,22.401,77.599,7,16,0.4,,22.401
54,/UltimeTradingBot/Data/BUY_TEST/tp30_w7_max2min_Model_v5.h5,GMT/USDT,77.599,0.0,0.0,22.401,77.599,7,16,0.4,,22.401
55,/UltimeTradingBot/Data/BUY_TEST/tp30_w7_max2min_Model_true_win_model_Re4.h5,GMT/USDT,77.599,0.0,0.0,22.401,77.599,7,16,0.4,,22.401
56,/UltimeTradingBot/Data/BUY_TEST/tp92_w7_max3min_Model_GoodVeryDeep_v2.h5,GMT/USDT,77.599,0.0,0.0,22.401,77.599,7,16,0.4,,22.401
57,/UltimeTradingBot/Data/BUY_TEST/tp150_w7_max2min_Model_v5.h5,GMT/USDT,77.599,0.0,0.0,22.401,77.599,7,16,0.4,,22.401
58,/UltimeTradingBot/Data/BUY_TEST/tp92_w7_max3min_Model_true_win_model_Re1.h5,GMT/USDT,77.46,0.0,0.14,22.401,77.46,7,16,0.4,0.0,22.401
59,/UltimeTradingBot/Data/BUY_TEST/tp150_w7_max2min_Model_true_win_model_Re{rrr}.h5,GMT/USDT,77.599,0.0,0.0,22.401,77.599,7,16,0.4,,22.401
60,/UltimeTradingBot/Data/BUY_TEST/tp150_w7_max2min_Model_true_win_model_Re8.h5,GMT/USDT,77.599,0.0,0.0,22.401,77.599,7,16,0.4,,22.401
61,/UltimeTradingBot/Data/BUY_TEST/tp70_w7_max2min_Model_VeryDeep.h5,GMT/USDT,77.041,0.558,1.117,21.842,76.483,7,16,0.4,33.313,22.401
62,/UltimeTradingBot/Data/BUY_TEST/tp70_w7_max2min_Model_true_win_model_Re3.h5,GMT/USDT,77.599,0.0,0.0,22.401,77.599,7,16,0.4,,22.401
63,/UltimeTradingBot/Data/BUY_TEST/tp150_w7_max2min_Model_true_win_model_Re11.h5,GMT/USDT,77.599,0.0,0.0,22.401,77.599,7,16,0.4,,22.401
64,/UltimeTradingBot/Data/BUY_TEST/tp92_w7_max3min_Anti-Model_v2.h5,GMT/USDT,34.892,16.888,59.595,5.513,18.004,7,16,0.4,22.081,22.401
65,/UltimeTradingBot/Data/BUY_TEST/tp30_w7_max2min_Model_true_win_model_Re6.h5,GMT/USDT,77.599,0.0,0.0,22.401,77.599,7,16,0.4,,22.401
66,/UltimeTradingBot/Data/BUY_TEST/tp30_w7_max2min_Model_true_win_model_Re2.h5,GMT/USDT,77.599,0.0,0.0,22.401,77.599,7,16,0.4,,22.401
67,/UltimeTradingBot/Data/BUY_TEST/tp92_w7_max3min_Model_true_win_model_Re4.h5,GMT/USDT,77.599,0.0,0.0,22.401,77.599,7,16,0.4,,22.401
68,/UltimeTradingBot/Data/BUY_TEST/tp150_w7_max2min_Model_true_win_model_v4.h5,GMT/USDT,77.599,0.0,0.0,22.401,77.599,7,16,0.4,,22.401
69,/UltimeTradingBot/Data/BUY_TEST/tp92_w7_max3min_Model_true_win_model_Re2.h5,GMT/USDT,77.46,0.0,0.14,22.401,77.46,7,16,0.4,0.0,22.401
70,/UltimeTradingBot/Data/BUY_TEST/tp92_w7_max3min_Model_v5.h5,GMT/USDT,77.599,0.0,0.0,22.401,77.599,7,16,0.4,,22.401
71,/UltimeTradingBot/Data/BUY_TEST/tp30_w7_max2min_Model_true_win_model_Re7.h5,GMT/USDT,77.599,0.0,0.0,22.401,77.599,7,16,0.4,,22.401
72,/UltimeTradingBot/Data/BUY_TEST/tp92_w7_max3min_Model_VeryDeep.h5,GMT/USDT,77.46,0.0,0.14,22.401,77.46,7,16,0.4,0.0,22.401
73,/UltimeTradingBot/Data/BUY_TEST/tp150_w7_max2min_Model_VeryDeep.h5,GMT/USDT,77.599,0.0,0.0,22.401,77.599,7,16,0.4,,22.401
74,/UltimeTradingBot/Data/BUY_TEST/tp92_w7_max3min_Model_vInit.h5,GMT/USDT,77.32,0.558,0.837,21.842,76.762,7,16,0.4,40.0,22.401
75,/UltimeTradingBot/Data/BUY_TEST/tp30_w7_max2min_Model_true_win_model_Re5.h5,GMT/USDT,77.599,0.0,0.0,22.401,77.599,7,16,0.4,,22.401
76,/UltimeTradingBot/Data/BUY_TEST/tp150_w7_max2min_Model_true_win_model_v5.h5,GMT/USDT,77.599,0.0,0.0,22.401,77.599,7,16,0.4,,22.401
77,/UltimeTradingBot/Data/BUY_TEST/tp30_w7_max2min_Model_true_win_model_Re1.h5,GMT/USDT,77.739,0.14,0.0,22.261,77.599,7,16,0.4,100.0,22.401
78,/UltimeTradingBot/Data/BUY_TEST/tp30_w7_max2min_Model_true_win_model_Re3.h5,GMT/USDT,77.599,0.0,0.0,22.401,77.599,7,16,0.4,,22.401
79,/UltimeTradingBot/Data/BUY_TEST/tp30_w7_max2min_Model_VeryDeep.h5,GMT/USDT,75.785,3.35,5.164,19.051,72.435,7,16,0.4,39.347,22.401
80,/UltimeTradingBot/Data/BUY_TEST/tp150_w7_max2min_Model_true_win_model_v3.h5,GMT/USDT,77.599,0.0,0.0,22.401,77.599,7,16,0.4,,22.401
81,/UltimeTradingBot/Data/BUY_TEST/tp30_w7_max2min_Model_true_win_model_Re9.h5,GMT/USDT,77.599,0.0,0.0,22.401,77.599,7,16,0.4,,22.401
82,/UltimeTradingBot/Data/BUY_TEST/tp150_w7_max2min_Model_true_win_model_Re7.h5,GMT/USDT,77.599,0.0,0.0,22.401,77.599,7,16,0.4,,22.401
83,/UltimeTradingBot/Data/BUY_TEST/tp150_w7_max2min_Model_vInit.h5,GMT/USDT,75.715,1.256,3.14,21.144,74.459,7,16,0.4,28.571,22.401
84,/UltimeTradingBot/Data/BUY_TEST/tp92_w7_max3min_Model_true_win_model_Re3.h5,GMT/USDT,77.599,0.0,0.0,22.401,77.599,7,16,0.4,,22.401
85,/UltimeTradingBot/Data/BUY_TEST/tp150_w7_max2min_Model_true_win_model_Re6.h5,GMT/USDT,77.599,0.0,0.0,22.401,77.599,7,16,0.4,,22.401
86,/UltimeTradingBot/Data/BUY_TEST/tp150_w7_max2min_Model_true_win_model_Re10.h5,GMT/USDT,77.599,0.0,0.0,22.401,77.599,7,16,0.4,,22.401
87,/UltimeTradingBot/Data/BUY_TEST/tp92_w7_max3min_Model_BadVeryDeep_v2.h5,GMT/USDT,77.599,0.0,0.0,22.401,77.599,7,16,0.4,,22.401
88,/UltimeTradingBot/Data/BUY_TEST/tp70_w7_max2min_Model_true_win_model_Re2.h5,GMT/USDT,77.599,0.0,0.0,22.401,77.599,7,16,0.4,,22.401
89,/UltimeTradingBot/Data/BUY_TEST/tp70_w7_max2min_Model_true_win_model_Re1.h5,GMT/USDT,77.46,0.0,0.14,22.401,77.46,7,16,0.4,0.0,22.401
90,/UltimeTradingBot/Data/BUY_TEST/tp150_w7_max2min_Model_true_win_model_v2.h5,GMT/USDT,77.599,0.0,0.0,22.401,77.599,7,16,0.4,,22.401
91,/UltimeTradingBot/Data/SELL_TEST/tp40_w7_max3min_Anti-Model_v2.h5,GMT/USDT,34.194,15.841,59.246,6.56,18.353,7,16,0.4,21.097,22.401
92,/UltimeTradingBot/Data/SELL_TEST/tp70_w7_max3min_Model_v5.h5,GMT/USDT,24.494,19.26,72.366,3.14,5.234,7,16,0.4,21.02,22.401
93,/UltimeTradingBot/Data/SELL_TEST/tp250_w7_max16min_Model_true_win_model_Re2.h5,GMT/USDT,75.925,0.977,2.652,21.424,74.948,7,16,0.4,26.922,22.401
94,/UltimeTradingBot/Data/SELL_TEST/tp40_w7_max3min_Model_v5.h5,GMT/USDT,77.599,0.0,0.0,22.401,77.599,7,16,0.4,,22.401
95,/UltimeTradingBot/Data/SELL_TEST/tp40_w7_max3min_Model_true_win_model_Re2.h5,GMT/USDT,71.668,2.791,8.723,19.609,68.876,7,16,0.4,24.24,22.401
96,/UltimeTradingBot/Data/SELL_TEST/tp40_w7_max3min_Model_true_win_model_Re1.h5,GMT/USDT,33.008,14.655,59.246,7.746,18.353,7,16,0.4,19.831,22.401
97,/UltimeTradingBot/Data/SELL_TEST/tp25_w7_max1min_Model_true_win_model_Re1.h5,GMT/USDT,25.331,18.004,70.272,4.396,7.327,7,16,0.4,20.395,22.401
98,/UltimeTradingBot/Data/SELL_TEST/tp250_w7_max16min_Model_v5.h5,GMT/USDT,77.599,0.0,0.0,22.401,77.599,7,16,0.4,,22.401
99,/UltimeTradingBot/Data/SELL_TEST/tp250_w7_max16min_Model_VeryDeep.h5,GMT/USDT,38.311,13.678,52.966,8.723,24.634,7,16,0.4,20.524,22.401
100,/UltimeTradingBot/Data/SELL_TEST/tp40_w7_max3min_Model_vInit.h5,GMT/USDT,25.122,19.539,72.017,2.861,5.583,7,16,0.4,21.341,22.401
101,/UltimeTradingBot/Data/SELL_TEST/tp30_w7_max16min_Model_v5.h5,GMT/USDT,28.262,18.911,68.248,3.489,9.351,7,16,0.4,21.697,22.401
102,/UltimeTradingBot/Data/SELL_TEST/tp250_w7_max16min_Model_true_win_model_Re1.h5,GMT/USDT,48.36,11.514,40.754,10.886,36.846,7,16,0.4,22.029,22.401
103,/UltimeTradingBot/Data/SELL_TEST/tp250_w7_max16min_Model_true_win_model_Re3.h5,GMT/USDT,77.599,0.0,0.0,22.401,77.599,7,16,0.4,,22.401
104,/UltimeTradingBot/Data/SELL_TEST/tp250_w7_max16min_Model_GoodVeryDeep_v2.h5,GMT/USDT,77.599,0.0,0.0,22.401,77.599,7,16,0.4,,22.401
105,/UltimeTradingBot/Data/SELL_TEST/tp250_w7_max16min_Model_true_win_model_Re4.h5,GMT/USDT,77.599,0.0,0.0,22.401,77.599,7,16,0.4,,22.401
106,/UltimeTradingBot/Data/SELL_TEST/tp40_w7_max3min_Model_true_win_model_Re4.h5,GMT/USDT,77.599,0.0,0.0,22.401,77.599,7,16,0.4,,22.401
107,/UltimeTradingBot/Data/SELL_TEST/tp40_w7_max3min_Model_GoodVeryDeep_v2.h5,GMT/USDT,77.599,0.0,0.0,22.401,77.599,7,16,0.4,,22.401
108,/UltimeTradingBot/Data/SELL_TEST/tp250_w7_max16min_Model_BadVeryDeep_v2.h5,GMT/USDT,77.599,0.0,0.0,22.401,77.599,7,16,0.4,,22.401
109,/UltimeTradingBot/Data/SELL_TEST/tp40_w7_max3min_Model_BadVeryDeep_v2.h5,GMT/USDT,77.599,0.0,0.0,22.401,77.599,7,16,0.4,,22.401
110,/UltimeTradingBot/Data/SELL_TEST/tp40_w7_max3min_Model_true_win_model_Re3.h5,GMT/USDT,77.599,0.0,0.0,22.401,77.599,7,16,0.4,,22.401
111,/UltimeTradingBot/Data/SELL_TEST/tp25_w7_max1min_Model_VeryDeep.h5,GMT/USDT,22.959,21.424,76.064,0.977,1.535,7,16,0.4,21.976,22.401
112,/UltimeTradingBot/Data/SELL_TEST/tp25_w7_max1min_Model_vInit.h5,GMT/USDT,22.54,20.796,75.855,1.605,1.745,7,16,0.4,21.517,22.401
113,/UltimeTradingBot/Data/SELL_TEST/tp40_w7_max3min_Model_VeryDeep.h5,GMT/USDT,24.634,21.563,74.529,0.837,3.07,7,16,0.4,22.44,22.401
114,/UltimeTradingBot/Data/SELL_TEST/tp25_w7_max1min_Anti-Model_v2.h5,GMT/USDT,28.262,17.376,66.713,5.024,10.886,7,16,0.4,20.664,22.401
115,/UltimeTradingBot/Data/SELL_TEST/tp70_w7_max3min_Model_vInit.h5,GMT/USDT,36.846,15.352,56.106,7.048,21.493,7,16,0.4,21.484,22.401
116,/UltimeTradingBot/Data/SELL_TEST/tp25_w7_max1min_Model_v5.h5,GMT/USDT,34.403,11.375,54.571,11.026,23.029,7,16,0.4,17.249,22.401
117,/UltimeTradingBot/Data/SELL_TEST/tp30_w7_max16min_Model_vInit.h5,GMT/USDT,44.731,12.631,45.499,9.77,32.1,7,16,0.4,21.729,22.401
118,/UltimeTradingBot/Data/SELL_TEST/tp250_w7_max16min_Model_vInit.h5,GMT/USDT,36.567,17.237,58.269,5.164,19.33,7,16,0.4,22.829,22.401
119,/UltimeTradingBot/Data/SELL_TEST/tp250_w7_max16min_Anti-Model_v2.h5,GMT/USDT,56.664,9.63,30.565,12.77,47.034,7,16,0.4,23.958,22.401
120,/UltimeTradingBot/Data/BUY_MIN_CLOSE/tp70_w7_max4min_Model_true_win_model_Re3.h5,GMT/USDT,77.53,0.0,0.07,22.401,77.53,7,16,0.4,0.0,22.401
121,/UltimeTradingBot/Data/BUY_MIN_CLOSE/tp70_w7_max4min_Model_vInit.h5,GMT/USDT,75.645,0.628,2.582,21.773,75.017,7,16,0.4,19.564,22.401
122,/UltimeTradingBot/Data/BUY_MIN_CLOSE/tp70_w7_max4min_Model_v5.h5,GMT/USDT,77.53,0.0,0.07,22.401,77.53,7,16,0.4,0.0,22.401
123,/UltimeTradingBot/Data/BUY_MIN_CLOSE/tp70_w7_max4min_Model_true_win_model_Re2.h5,GMT/USDT,77.46,0.0,0.14,22.401,77.46,7,16,0.4,0.0,22.401
124,/UltimeTradingBot/Data/BUY_MIN_CLOSE/tp70_w7_max4min_Model_true_win_model_Re1.h5,GMT/USDT,77.181,0.07,0.488,22.331,77.111,7,16,0.4,12.545,22.401
125,/UltimeTradingBot/Data/BUY_MIN_CLOSE/tp70_w7_max4min_Model_VeryDeep.h5,GMT/USDT,77.39,0.279,0.488,22.121,77.111,7,16,0.4,36.375,22.401
126,/UltimeTradingBot/Data/AFTER_DEPTH_CLOSE/tp42_w7_max16min_Model_VeryDeep.h5,XRP/USDT,79.274,0.209,19.4,1.326,79.065,7,16,0.4,1.066,1.535
127,/UltimeTradingBot/Data/AFTER_DEPTH_CLOSE/tp42_w7_max16min_Model_JUSTGood_v2.h5,XRP/USDT,92.673,0.0,5.792,1.535,92.673,7,16,0.4,0.0,1.535
128,/UltimeTradingBot/Data/AFTER_DEPTH_CLOSE/tp130_w7_max16min_Model_true_win_model_Re7.h5,XRP/USDT,98.465,0.0,0.0,1.535,98.465,7,16,0.4,,1.535
129,/UltimeTradingBot/Data/AFTER_DEPTH_CLOSE/tp130_w7_max16min_Model_true_win_model_Re8.h5,XRP/USDT,98.465,0.0,0.0,1.535,98.465,7,16,0.4,,1.535
130,/UltimeTradingBot/Data/AFTER_DEPTH_CLOSE/tp42_w7_max16min_Model_v5.h5,XRP/USDT,98.325,0.0,0.14,1.535,98.325,7,16,0.4,0.0,1.535
131,/UltimeTradingBot/Data/AFTER_DEPTH_CLOSE/tp130_w7_max16min_Model_VeryDeep.h5,XRP/USDT,91.975,0.0,6.49,1.535,91.975,7,16,0.4,0.0,1.535
132,/UltimeTradingBot/Data/AFTER_DEPTH_CLOSE/tp42_w7_max16min_Model_true_win_model_Re2.h5,XRP/USDT,96.092,0.0,2.373,1.535,96.092,7,16,0.4,0.0,1.535
133,/UltimeTradingBot/Data/AFTER_DEPTH_CLOSE/tp130_w7_max16min_Model_vInit.h5,XRP/USDT,97.837,0.0,0.628,1.535,97.837,7,16,0.4,0.0,1.535
134,/UltimeTradingBot/Data/AFTER_DEPTH_CLOSE/tp42_w7_max16min_Model_true_win_model_Re3.h5,XRP/USDT,94.696,0.0,3.768,1.535,94.696,7,16,0.4,0.0,1.535
135,/UltimeTradingBot/Data/AFTER_DEPTH_CLOSE/tp130_w7_max16min_Model_v5.h5,XRP/USDT,98.465,0.0,0.0,1.535,98.465,7,16,0.4,,1.535
136,/UltimeTradingBot/Data/AFTER_DEPTH_CLOSE/tp42_w7_max16min_Anti-Model_v2.h5,XRP/USDT,98.255,0.0,0.209,1.535,98.255,7,16,0.4,0.0,1.535
137,/UltimeTradingBot/Data/AFTER_DEPTH_CLOSE/tp130_w7_max16min_Model_true_win_model_Re4.h5,XRP/USDT,98.465,0.0,0.0,1.535,98.465,7,16,0.4,,1.535
138,/UltimeTradingBot/Data/AFTER_DEPTH_CLOSE/tp42_w7_max16min_Model_vInit.h5,XRP/USDT,83.95,0.07,14.585,1.465,83.88,7,16,0.4,0.478,1.535
139,/UltimeTradingBot/Data/AFTER_DEPTH_CLOSE/tp42_w7_max16min_Model_true_win_model_Re1.h5,XRP/USDT,94.766,0.0,3.699,1.535,94.766,7,16,0.4,0.0,1.535
140,/UltimeTradingBot/Data/AFTER_DEPTH_CLOSE/tp130_w7_max16min_Anti-Model_v2.h5,XRP/USDT,98.186,0.0,0.279,1.535,98.186,7,16,0.4,0.0,1.535
141,/UltimeTradingBot/Data/AFTER_DEPTH_CLOSE/tp130_w7_max16min_Model_true_win_model_Re5.h5,XRP/USDT,98.465,0.0,0.0,1.535,98.465,7,16,0.4,,1.535
142,/UltimeTradingBot/Data/AFTER_DEPTH_CLOSE/tp130_w7_max16min_Model_true_win_model_Re6.h5,XRP/USDT,98.465,0.0,0.0,1.535,98.465,7,16,0.4,,1.535
143,/UltimeTradingBot/Data/BUY_FIX/tp80_w7_max3min_Model_v5.h5,XRP/USDT,98.465,0.0,0.0,1.535,98.465,7,16,0.4,,1.535
144,/UltimeTradingBot/Data/BUY_FIX/tp77_w7_max7min_Anti-Model_v2.h5,XRP/USDT,5.443,0.558,93.58,0.977,4.885,7,16,0.4,0.593,1.535
145,/UltimeTradingBot/Data/BUY_FIX/tp77_w7_max7min_Model_vInit.h5,XRP/USDT,98.186,0.0,0.279,1.535,98.186,7,16,0.4,0.0,1.535
146,/UltimeTradingBot/Data/BUY_FIX/tp43_w7_max3min_Model_true_win_model_Re3.h5,XRP/USDT,98.465,0.0,0.0,1.535,98.465,7,16,0.4,,1.535
147,/UltimeTradingBot/Data/BUY_FIX/tp77_w7_max7min_Model_true_win_model_Re6.h5,XRP/USDT,98.465,0.0,0.0,1.535,98.465,7,16,0.4,,1.535
148,/UltimeTradingBot/Data/BUY_FIX/tp80_w7_max3min_Model_BadVeryDeep_v2.h5,XRP/USDT,98.465,0.0,0.0,1.535,98.465,7,16,0.4,,1.535
149,/UltimeTradingBot/Data/BUY_FIX/tp80_w7_max3min_Model_true_win_model_Re4.h5,XRP/USDT,98.465,0.0,0.0,1.535,98.465,7,16,0.4,,1.535
150,/UltimeTradingBot/Data/BUY_FIX/tp80_w7_max3min_Model_true_win_model_Re3.h5,XRP/USDT,98.465,0.0,0.0,1.535,98.465,7,16,0.4,,1.535
151,/UltimeTradingBot/Data/BUY_FIX/tp80_w7_max3min_Anti-Model_v2.h5,XRP/USDT,5.513,0.768,93.719,0.768,4.745,7,16,0.4,0.813,1.535
152,/UltimeTradingBot/Data/BUY_FIX/tp77_w7_max7min_Model_v5.h5,XRP/USDT,98.465,0.0,0.0,1.535,98.465,7,16,0.4,,1.535
153,/UltimeTradingBot/Data/BUY_FIX/tp120_w7_max20min_Model_vInit.h5,XRP/USDT,98.325,0.0,0.14,1.535,98.325,7,16,0.4,0.0,1.535
154,/UltimeTradingBot/Data/BUY_FIX/tp77_w7_max7min_Model_BadVeryDeep_v2.h5,XRP/USDT,98.465,0.0,0.0,1.535,98.465,7,16,0.4,,1.535
155,/UltimeTradingBot/Data/BUY_FIX/tp77_w7_max7min_Model_VeryDeep.h5,XRP/USDT,98.465,0.0,0.0,1.535,98.465,7,16,0.4,,1.535
156,/UltimeTradingBot/Data/BUY_FIX/tp80_w7_max3min_Model_true_win_model_Re6.h5,XRP/USDT,98.465,0.0,0.0,1.535,98.465,7,16,0.4,,1.535
157,/UltimeTradingBot/Data/BUY_FIX/tp77_w7_max7min_Model_GoodVeryDeep_v2.h5,XRP/USDT,98.465,0.0,0.0,1.535,98.465,7,16,0.4,,1.535
158,/UltimeTradingBot/Data/BUY_FIX/tp80_w7_max3min_Model_true_win_model_Re5.h5,XRP/USDT,98.465,0.0,0.0,1.535,98.465,7,16,0.4,,1.535
159,/UltimeTradingBot/Data/BUY_FIX/tp43_w7_max3min_Model_vInit.h5,XRP/USDT,98.255,0.0,0.209,1.535,98.255,7,16,0.4,0.0,1.535
160,/UltimeTradingBot/Data/BUY_FIX/tp120_w7_max20min_Model_VeryDeep.h5,XRP/USDT,98.465,0.0,0.0,1.535,98.465,7,16,0.4,,1.535
161,/UltimeTradingBot/Data/BUY_FIX/tp43_w7_max3min_Model_GoodVeryDeep_v2.h5,XRP/USDT,98.465,0.0,0.0,1.535,98.465,7,16,0.4,,1.535
162,/UltimeTradingBot/Data/BUY_FIX/tp80_w7_max3min_Model_true_win_model_Re2.h5,XRP/USDT,98.465,0.0,0.0,1.535,98.465,7,16,0.4,,1.535
163,/UltimeTradingBot/Data/BUY_FIX/tp80_w7_max3min_Model_GoodVeryDeep_v2.h5,XRP/USDT,98.465,0.0,0.0,1.535,98.465,7,16,0.4,,1.535
164,/UltimeTradingBot/Data/BUY_FIX/tp43_w7_max3min_Model_true_win_model_Re1.h5,XRP/USDT,98.465,0.0,0.0,1.535,98.465,7,16,0.4,,1.535
165,/UltimeTradingBot/Data/BUY_FIX/tp43_w7_max3min_Model_VeryDeep.h5,XRP/USDT,98.465,0.0,0.0,1.535,98.465,7,16,0.4,,1.535
166,/UltimeTradingBot/Data/BUY_FIX/tp43_w7_max3min_Anti-Model_v2.h5,XRP/USDT,84.229,0.0,14.236,1.535,84.229,7,16,0.4,0.0,1.535
167,/UltimeTradingBot/Data/BUY_FIX/tp43_w7_max3min_Model_true_win_model_Re2.h5,XRP/USDT,98.465,0.0,0.0,1.535,98.465,7,16,0.4,,1.535
168,/UltimeTradingBot/Data/BUY_FIX/tp43_w7_max3min_Model_v5.h5,XRP/USDT,98.465,0.0,0.0,1.535,98.465,7,16,0.4,,1.535
169,/UltimeTradingBot/Data/BUY_FIX/tp43_w7_max3min_Model_BadVeryDeep_v2.h5,XRP/USDT,98.465,0.0,0.0,1.535,98.465,7,16,0.4,,1.535
170,/UltimeTradingBot/Data/BUY_FIX/tp80_w7_max3min_Model_true_win_model_Re1.h5,XRP/USDT,98.465,0.0,0.0,1.535,98.465,7,16,0.4,,1.535
171,/UltimeTradingBot/Data/BUY_FIX/tp120_w7_max20min_Model_v5.h5,XRP/USDT,98.465,0.0,0.0,1.535,98.465,7,16,0.4,,1.535
172,/UltimeTradingBot/Data/BUY_FIX/tp43_w7_max3min_Model_true_win_model_Re4.h5,XRP/USDT,98.465,0.0,0.0,1.535,98.465,7,16,0.4,,1.535
173,/UltimeTradingBot/Data/BUY_FIX/tp80_w7_max3min_Model_vInit.h5,XRP/USDT,98.465,0.0,0.0,1.535,98.465,7,16,0.4,,1.535
174,/UltimeTradingBot/Data/BUY_FIX/tp80_w7_max3min_Model_VeryDeep.h5,XRP/USDT,98.465,0.0,0.0,1.535,98.465,7,16,0.4,,1.535
175,/UltimeTradingBot/Data/BUY_FIX/tp77_w7_max7min_Model_true_win_model_Re5.h5,XRP/USDT,98.465,0.0,0.0,1.535,98.465,7,16,0.4,,1.535
176,/UltimeTradingBot/Data/BUY_FIX/tp120_w7_max20min_Anti-Model_v2.h5,XRP/USDT,1.954,1.117,97.627,0.419,0.837,7,16,0.4,1.131,1.535
177,/UltimeTradingBot/Data/BUY_TEST/tp30_w7_max2min_Model_true_win_model_Re8.h5,XRP/USDT,98.465,0.0,0.0,1.535,98.465,7,16,0.4,,1.535
178,/UltimeTradingBot/Data/BUY_TEST/tp150_w7_max2min_Model_true_win_model_Re9.h5,XRP/USDT,98.465,0.0,0.0,1.535,98.465,7,16,0.4,,1.535
179,/UltimeTradingBot/Data/BUY_TEST/tp70_w7_max2min_Model_v5.h5,XRP/USDT,98.465,0.0,0.0,1.535,98.465,7,16,0.4,,1.535
180,/UltimeTradingBot/Data/BUY_TEST/tp30_w7_max2min_Model_v5.h5,XRP/USDT,98.465,0.0,0.0,1.535,98.465,7,16,0.4,,1.535
181,/UltimeTradingBot/Data/BUY_TEST/tp30_w7_max2min_Model_true_win_model_Re4.h5,XRP/USDT,98.465,0.0,0.0,1.535,98.465,7,16,0.4,,1.535
182,/UltimeTradingBot/Data/BUY_TEST/tp92_w7_max3min_Model_GoodVeryDeep_v2.h5,XRP/USDT,98.465,0.0,0.0,1.535,98.465,7,16,0.4,,1.535
183,/UltimeTradingBot/Data/BUY_TEST/tp150_w7_max2min_Model_v5.h5,XRP/USDT,98.465,0.0,0.0,1.535,98.465,7,16,0.4,,1.535
184,/UltimeTradingBot/Data/BUY_TEST/tp92_w7_max3min_Model_true_win_model_Re1.h5,XRP/USDT,98.465,0.0,0.0,1.535,98.465,7,16,0.4,,1.535
185,/UltimeTradingBot/Data/BUY_TEST/tp150_w7_max2min_Model_true_win_model_Re{rrr}.h5,XRP/USDT,98.465,0.0,0.0,1.535,98.465,7,16,0.4,,1.535
186,/UltimeTradingBot/Data/BUY_TEST/tp150_w7_max2min_Model_true_win_model_Re8.h5,XRP/USDT,98.465,0.0,0.0,1.535,98.465,7,16,0.4,,1.535
187,/UltimeTradingBot/Data/BUY_TEST/tp70_w7_max2min_Model_VeryDeep.h5,XRP/USDT,98.465,0.0,0.0,1.535,98.465,7,16,0.4,,1.535
188,/UltimeTradingBot/Data/BUY_TEST/tp70_w7_max2min_Model_true_win_model_Re3.h5,XRP/USDT,98.465,0.0,0.0,1.535,98.465,7,16,0.4,,1.535
189,/UltimeTradingBot/Data/BUY_TEST/tp150_w7_max2min_Model_true_win_model_Re11.h5,XRP/USDT,98.465,0.0,0.0,1.535,98.465,7,16,0.4,,1.535
190,/UltimeTradingBot/Data/BUY_TEST/tp92_w7_max3min_Anti-Model_v2.h5,XRP/USDT,2.861,1.535,97.139,0.0,1.326,7,16,0.4,1.556,1.535
191,/UltimeTradingBot/Data/BUY_TEST/tp30_w7_max2min_Model_true_win_model_Re6.h5,XRP/USDT,98.465,0.0,0.0,1.535,98.465,7,16,0.4,,1.535
192,/UltimeTradingBot/Data/BUY_TEST/tp30_w7_max2min_Model_true_win_model_Re2.h5,XRP/USDT,98.465,0.0,0.0,1.535,98.465,7,16,0.4,,1.535
193,/UltimeTradingBot/Data/BUY_TEST/tp92_w7_max3min_Model_true_win_model_Re4.h5,XRP/USDT,98.465,0.0,0.0,1.535,98.465,7,16,0.4,,1.535
194,/UltimeTradingBot/Data/BUY_TEST/tp150_w7_max2min_Model_true_win_model_v4.h5,XRP/USDT,98.465,0.0,0.0,1.535,98.465,7,16,0.4,,1.535
195,/UltimeTradingBot/Data/BUY_TEST/tp92_w7_max3min_Model_true_win_model_Re2.h5,XRP/USDT,98.465,0.0,0.0,1.535,98.465,7,16,0.4,,1.535
196,/UltimeTradingBot/Data/BUY_TEST/tp92_w7_max3min_Model_v5.h5,XRP/USDT,98.465,0.0,0.0,1.535,98.465,7,16,0.4,,1.535
197,/UltimeTradingBot/Data/BUY_TEST/tp30_w7_max2min_Model_true_win_model_Re7.h5,XRP/USDT,98.465,0.0,0.0,1.535,98.465,7,16,0.4,,1.535
198,/UltimeTradingBot/Data/BUY_TEST/tp92_w7_max3min_Model_VeryDeep.h5,XRP/USDT,98.465,0.0,0.0,1.535,98.465,7,16,0.4,,1.535
199,/UltimeTradingBot/Data/BUY_TEST/tp150_w7_max2min_Model_VeryDeep.h5,XRP/USDT,98.465,0.0,0.0,1.535,98.465,7,16,0.4,,1.535
200,/UltimeTradingBot/Data/BUY_TEST/tp92_w7_max3min_Model_vInit.h5,XRP/USDT,98.255,0.0,0.209,1.535,98.255,7,16,0.4,0.0,1.535
201,/UltimeTradingBot/Data/BUY_TEST/tp30_w7_max2min_Model_true_win_model_Re5.h5,XRP/USDT,98.465,0.0,0.0,1.535,98.465,7,16,0.4,,1.535
202,/UltimeTradingBot/Data/BUY_TEST/tp150_w7_max2min_Model_true_win_model_v5.h5,XRP/USDT,98.465,0.0,0.0,1.535,98.465,7,16,0.4,,1.535
203,/UltimeTradingBot/Data/BUY_TEST/tp30_w7_max2min_Model_true_win_model_Re1.h5,XRP/USDT,98.465,0.0,0.0,1.535,98.465,7,16,0.4,,1.535
204,/UltimeTradingBot/Data/BUY_TEST/tp30_w7_max2min_Model_true_win_model_Re3.h5,XRP/USDT,98.465,0.0,0.0,1.535,98.465,7,16,0.4,,1.535
205,/UltimeTradingBot/Data/BUY_TEST/tp30_w7_max2min_Model_VeryDeep.h5,XRP/USDT,98.395,0.0,0.07,1.535,98.395,7,16,0.4,0.0,1.535
206,/UltimeTradingBot/Data/BUY_TEST/tp150_w7_max2min_Model_true_win_model_v3.h5,XRP/USDT,98.465,0.0,0.0,1.535,98.465,7,16,0.4,,1.535
207,/UltimeTradingBot/Data/BUY_TEST/tp30_w7_max2min_Model_true_win_model_Re9.h5,XRP/USDT,98.465,0.0,0.0,1.535,98.465,7,16,0.4,,1.535
208,/UltimeTradingBot/Data/BUY_TEST/tp150_w7_max2min_Model_true_win_model_Re7.h5,XRP/USDT,98.465,0.0,0.0,1.535,98.465,7,16,0.4,,1.535
209,/UltimeTradingBot/Data/BUY_TEST/tp150_w7_max2min_Model_vInit.h5,XRP/USDT,96.79,0.0,1.675,1.535,96.79,7,16,0.4,0.0,1.535
210,/UltimeTradingBot/Data/BUY_TEST/tp92_w7_max3min_Model_true_win_model_Re3.h5,XRP/USDT,98.465,0.0,0.0,1.535,98.465,7,16,0.4,,1.535
211,/UltimeTradingBot/Data/BUY_TEST/tp150_w7_max2min_Model_true_win_model_Re6.h5,XRP/USDT,98.465,0.0,0.0,1.535,98.465,7,16,0.4,,1.535
212,/UltimeTradingBot/Data/BUY_TEST/tp150_w7_max2min_Model_true_win_model_Re10.h5,XRP/USDT,98.465,0.0,0.0,1.535,98.465,7,16,0.4,,1.535
213,/UltimeTradingBot/Data/BUY_TEST/tp92_w7_max3min_Model_BadVeryDeep_v2.h5,XRP/USDT,98.465,0.0,0.0,1.535,98.465,7,16,0.4,,1.535
214,/UltimeTradingBot/Data/BUY_TEST/tp70_w7_max2min_Model_true_win_model_Re2.h5,XRP/USDT,98.465,0.0,0.0,1.535,98.465,7,16,0.4,,1.535
215,/UltimeTradingBot/Data/BUY_TEST/tp70_w7_max2min_Model_true_win_model_Re1.h5,XRP/USDT,98.465,0.0,0.0,1.535,98.465,7,16,0.4,,1.535
216,/UltimeTradingBot/Data/BUY_TEST/tp150_w7_max2min_Model_true_win_model_v2.h5,XRP/USDT,98.465,0.0,0.0,1.535,98.465,7,16,0.4,,1.535
217,/UltimeTradingBot/Data/SELL_TEST/tp40_w7_max3min_Anti-Model_v2.h5,XRP/USDT,2.442,1.535,97.558,0.0,0.907,7,16,0.4,1.549,1.535
218,/UltimeTradingBot/Data/SELL_TEST/tp70_w7_max3min_Model_v5.h5,XRP/USDT,2.094,1.535,97.906,0.0,0.558,7,16,0.4,1.544,1.535
219,/UltimeTradingBot/Data/SELL_TEST/tp250_w7_max16min_Model_true_win_model_Re2.h5,XRP/USDT,63.294,0.349,35.52,1.186,62.945,7,16,0.4,0.973,1.535
220,/UltimeTradingBot/Data/SELL_TEST/tp40_w7_max3min_Model_v5.h5,XRP/USDT,98.465,0.0,0.0,1.535,98.465,7,16,0.4,,1.535
221,/UltimeTradingBot/Data/SELL_TEST/tp40_w7_max3min_Model_true_win_model_Re2.h5,XRP/USDT,11.026,1.256,88.695,0.279,9.77,7,16,0.4,1.396,1.535
222,/UltimeTradingBot/Data/SELL_TEST/tp40_w7_max3min_Model_true_win_model_Re1.h5,XRP/USDT,2.582,1.465,97.348,0.07,1.117,7,16,0.4,1.483,1.535
223,/UltimeTradingBot/Data/SELL_TEST/tp25_w7_max1min_Model_true_win_model_Re1.h5,XRP/USDT,2.094,1.535,97.906,0.0,0.558,7,16,0.4,1.544,1.535
224,/UltimeTradingBot/Data/SELL_TEST/tp250_w7_max16min_Model_v5.h5,XRP/USDT,98.465,0.0,0.0,1.535,98.465,7,16,0.4,,1.535
225,/UltimeTradingBot/Data/SELL_TEST/tp250_w7_max16min_Model_VeryDeep.h5,XRP/USDT,9.491,0.977,89.951,0.558,8.514,7,16,0.4,1.074,1.535
226,/UltimeTradingBot/Data/SELL_TEST/tp40_w7_max3min_Model_vInit.h5,XRP/USDT,1.814,1.535,98.186,0.0,0.279,7,16,0.4,1.539,1.535
227,/UltimeTradingBot/Data/SELL_TEST/tp30_w7_max16min_Model_v5.h5,XRP/USDT,3.21,1.535,96.79,0.0,1.675,7,16,0.4,1.561,1.535
228,/UltimeTradingBot/Data/SELL_TEST/tp250_w7_max16min_Model_true_win_model_Re1.h5,XRP/USDT,13.468,1.535,86.532,0.0,11.933,7,16,0.4,1.743,1.535
229,/UltimeTradingBot/Data/SELL_TEST/tp250_w7_max16min_Model_true_win_model_Re3.h5,XRP/USDT,98.465,0.0,0.0,1.535,98.465,7,16,0.4,,1.535
230,/UltimeTradingBot/Data/SELL_TEST/tp250_w7_max16min_Model_GoodVeryDeep_v2.h5,XRP/USDT,98.465,0.0,0.0,1.535,98.465,7,16,0.4,,1.535
231,/UltimeTradingBot/Data/SELL_TEST/tp250_w7_max16min_Model_true_win_model_Re4.h5,XRP/USDT,98.465,0.0,0.0,1.535,98.465,7,16,0.4,,1.535
232,/UltimeTradingBot/Data/SELL_TEST/tp40_w7_max3min_Model_true_win_model_Re4.h5,XRP/USDT,98.465,0.0,0.0,1.535,98.465,7,16,0.4,,1.535
233,/UltimeTradingBot/Data/SELL_TEST/tp40_w7_max3min_Model_GoodVeryDeep_v2.h5,XRP/USDT,98.465,0.0,0.0,1.535,98.465,7,16,0.4,,1.535
234,/UltimeTradingBot/Data/SELL_TEST/tp250_w7_max16min_Model_BadVeryDeep_v2.h5,XRP/USDT,98.465,0.0,0.0,1.535,98.465,7,16,0.4,,1.535
235,/UltimeTradingBot/Data/SELL_TEST/tp40_w7_max3min_Model_BadVeryDeep_v2.h5,XRP/USDT,98.465,0.0,0.0,1.535,98.465,7,16,0.4,,1.535
236,/UltimeTradingBot/Data/SELL_TEST/tp40_w7_max3min_Model_true_win_model_Re3.h5,XRP/USDT,63.364,0.279,35.38,1.256,63.084,7,16,0.4,0.782,1.535
237,/UltimeTradingBot/Data/SELL_TEST/tp25_w7_max1min_Model_VeryDeep.h5,XRP/USDT,1.745,1.535,98.255,0.0,0.209,7,16,0.4,1.538,1.535
238,/UltimeTradingBot/Data/SELL_TEST/tp25_w7_max1min_Model_vInit.h5,XRP/USDT,2.233,1.535,97.767,0.0,0.698,7,16,0.4,1.546,1.535
239,/UltimeTradingBot/Data/SELL_TEST/tp40_w7_max3min_Model_VeryDeep.h5,XRP/USDT,1.814,1.535,98.186,0.0,0.279,7,16,0.4,1.539,1.535
240,/UltimeTradingBot/Data/SELL_TEST/tp25_w7_max1min_Anti-Model_v2.h5,XRP/USDT,2.303,1.535,97.697,0.0,0.768,7,16,0.4,1.547,1.535
241,/UltimeTradingBot/Data/SELL_TEST/tp70_w7_max3min_Model_vInit.h5,XRP/USDT,9.002,1.535,90.998,0.0,7.467,7,16,0.4,1.659,1.535
242,/UltimeTradingBot/Data/SELL_TEST/tp25_w7_max1min_Model_v5.h5,XRP/USDT,2.373,1.535,97.627,0.0,0.837,7,16,0.4,1.548,1.535
243,/UltimeTradingBot/Data/SELL_TEST/tp30_w7_max16min_Model_vInit.h5,XRP/USDT,29.17,0.907,70.202,0.628,28.262,7,16,0.4,1.276,1.535
244,/UltimeTradingBot/Data/SELL_TEST/tp250_w7_max16min_Model_vInit.h5,XRP/USDT,7.188,1.535,92.812,0.0,5.652,7,16,0.4,1.627,1.535
245,/UltimeTradingBot/Data/SELL_TEST/tp250_w7_max16min_Anti-Model_v2.h5,XRP/USDT,3.629,1.535,96.371,0.0,2.094,7,16,0.4,1.568,1.535
246,/UltimeTradingBot/Data/BUY_MIN_CLOSE/tp70_w7_max4min_Model_true_win_model_Re3.h5,XRP/USDT,98.465,0.0,0.0,1.535,98.465,7,16,0.4,,1.535
247,/UltimeTradingBot/Data/BUY_MIN_CLOSE/tp70_w7_max4min_Model_vInit.h5,XRP/USDT,91.347,0.0,7.118,1.535,91.347,7,16,0.4,0.0,1.535
248,/UltimeTradingBot/Data/BUY_MIN_CLOSE/tp70_w7_max4min_Model_v5.h5,XRP/USDT,98.465,0.0,0.0,1.535,98.465,7,16,0.4,,1.535
249,/UltimeTradingBot/Data/BUY_MIN_CLOSE/tp70_w7_max4min_Model_true_win_model_Re2.h5,XRP/USDT,98.465,0.0,0.0,1.535,98.465,7,16,0.4,,1.535
250,/UltimeTradingBot/Data/BUY_MIN_CLOSE/tp70_w7_max4min_Model_true_win_model_Re1.h5,XRP/USDT,97.976,0.0,0.488,1.535,97.976,7,16,0.4,0.0,1.535
251,/UltimeTradingBot/Data/BUY_MIN_CLOSE/tp70_w7_max4min_Model_VeryDeep.h5,XRP/USDT,98.465,0.0,0.0,1.535,98.465,7,16,0.4,,1.535
